STT,Thời gian thực tế,Số lượng đạt,Số lượng lỗi,Thời gian bình quân (s),Năng suất ngày (sp),Năng suất đạt  (%),Bậc thợ,% lỗi,Hệ số,Thời gian chuẩn,Lỗi
1,48.0,20.0,0.0,162.82500000000002,20.0,0.002947950253339475,2,0.0,0.9,44.44444444444444,0
2,50.0,20.0,0.0,175.44,10.0,0.005699954400364797,2,0.0,0.9,46.29629629629629,0
3,84.0,3.0,0.0,162.82500000000002,20.0,0.0007738369415016121,2,0.0,0.9,77.77777777777777,0
4,18.0,6.0,1.0,162.82500000000002,20.0,0.0003316444035006909,2,0.0016666666666666666,0.9,16.666666666666664,1
5,102.0,9.0,0.0,120.45,22.0,0.0034642816710064527,2,0.0,0.9,94.44444444444444,0
6,114.0,6.0,0.0,162.82500000000002,20.0,0.0021004145555043752,2,0.0,0.9,105.55555555555554,0
7,84.0,6.0,0.0,162.82500000000002,20.0,0.0015476738830032242,3,0.0,1.0,70.0,0
8,198.0,12.0,0.0,162.82500000000002,40.0,0.0036480884385075994,2,0.0,0.9,183.33333333333331,0
9,114.0,10.0,2.0,162.82500000000002,20.0,0.003500690925840626,2,0.002,0.9,105.55555555555554,1
10,198.0,20.0,0.0,162.82500000000002,20.0,0.012160294795025332,2,0.0,0.9,183.33333333333331,0
11,114.0,7.0,0.0,162.82500000000002,20.0,0.002450483648088438,2,0.0,0.9,105.55555555555554,0
12,84.0,7.0,0.0,162.82500000000002,20.0,0.001805619530170428,2,0.0,0.9,77.77777777777777,0
13,18.0,5.0,0.0,162.3,20.0,0.000277264325323475,2,0.0,0.9,16.666666666666664,0
14,216.0,19.0,0.0,162.3,20.0,0.012643253234750462,4,0.0,1.15,156.52173913043478,0
15,114.0,12.0,0.0,162.3,20.0,0.00421441774491682,3,0.0,1.0,95.0,0
16,84.0,12.0,0.0,162.3,20.0,0.0031053604436229202,3,0.0,1.0,70.0,0
17,198.0,24.0,0.0,162.3,20.0,0.014639556377079482,2,0.0,0.9,183.33333333333331,0
18,114.0,10.0,0.0,162.3,20.0,0.0035120147874306835,3,0.0,1.0,95.0,0
19,84.0,10.0,0.0,162.3,20.0,0.002587800369685767,3,0.0,1.0,70.0,0
20,198.0,80.0,0.0,162.3,20.0,0.048798521256931605,3,0.0,1.0,165.0,0
21,114.0,11.0,0.0,173.68,10.0,0.007220175034546293,3,0.0,1.0,95.0,0
22,114.0,11.0,0.0,173.68,10.0,0.007220175034546293,3,0.0,1.0,95.0,0
25,114.0,33.0,0.0,173.68,10.0,0.02166052510363887,3,0.0,1.0,95.0,0
26,36.0,2.0,0.0,173.7,10.0,0.0004145077720207255,3,0.0,1.0,30.0,0
27,54.0,15.0,0.0,173.7,10.0,0.00466321243523316,2,0.0,0.9,50.0,0
28,114.0,10.0,0.0,173.7,10.0,0.0065630397236614854,3,0.0,1.0,95.0,0
29,114.0,14.0,0.0,173.7,10.0,0.009188255613126079,2,0.0,0.9,105.55555555555554,0
30,36.0,12.0,1.0,173.68,10.0,0.0024873330262551816,3,0.0008333333333333333,1.0,30.0,1
31,18.0,3.0,0.0,173.68,10.0,0.0003109166282818977,3,0.0,1.0,15.0,0
32,18.0,3.0,1.0,173.67999999999998,10.0,0.00031091662828189776,3,0.003333333333333333,1.0,15.0,1
33,32.4,25.0,1.0,173.68,10.0,0.004663749424228466,3,0.0004,1.0,27.0,1
34,36.0,10.0,0.0,173.68,10.0,0.002072777521879318,3,0.0,1.0,30.0,0
35,27.0,23.0,1.0,173.68,10.0,0.003575541225241824,3,0.00043478260869565214,1.0,22.5,1
36,16.22,10.0,0.0,173.68,10.0,0.0009339014279134039,3,0.0,1.0,13.516666666666666,0
37,36.0,16.0,0.0,173.68,10.0,0.0033164440350069093,3,0.0,1.0,30.0,0
38,27.0,11.0,0.0,173.68,10.0,0.001710041455550438,2,0.0,0.9,25.0,0
39,90.0,8.0,1.0,173.68,20.0,0.0020727775218793184,3,0.00125,1.0,75.0,1
40,36.0,13.0,0.0,173.68,10.0,0.002694610778443114,3,0.0,1.0,30.0,0
41,18.0,18.0,0.0,173.68,10.0,0.0018654997696913864,4,0.0,1.15,13.043478260869566,0
42,32.4,25.0,0.0,173.68,10.0,0.004663749424228466,3,0.0,1.0,27.0,0
43,43.2,11.0,0.0,173.68,10.0,0.002736066328880701,4,0.0,1.15,31.30434782608696,0
44,27.0,7.0,0.0,173.68,10.0,0.001088208198986642,3,0.0,1.0,22.5,0
45,27.0,1.0,0.0,173.68,10.0,0.00015545831414094888,3,0.0,1.0,22.5,0
46,16.22,15.0,0.0,173.68,10.0,0.001400852141870106,3,0.0,1.0,13.516666666666666,0
47,36.0,18.0,0.0,173.68,10.0,0.003730999539382773,3,0.0,1.0,30.0,0
48,27.0,8.0,0.0,173.68,10.0,0.001243666513127591,4,0.0,1.15,19.565217391304348,0
49,16.2,10.0,0.0,173.7,10.0,0.0009326424870466321,2,0.0,0.9,14.999999999999998,0
50,69.6,3.0,0.0,10,10.0,0.020879999999999996,2,0.0,0.9,64.44444444444443,0
51,84.0,1.0,0.0,173.68,10.0,0.00048364808843850764,2,0.0,0.9,77.77777777777777,0
52,18.0,21.0,0.0,173.68,10.0,0.002176416397973284,3,0.0,1.0,15.0,0
53,66.0,10.0,0.0,173.67999999999998,10.0,0.0038000921234454172,3,0.0,1.0,55.0,0
54,32.4,25.0,0.0,173.68,10.0,0.004663749424228466,3,0.0,1.0,27.0,0
55,43.2,13.0,0.0,173.68,10.0,0.003233532934131737,3,0.0,1.0,36.00000000000001,0
56,27.0,16.0,0.0,173.68,10.0,0.002487333026255182,3,0.0,1.0,22.5,0
57,10.0,5.0,0.0,173.68,10.0,0.0002878857669276831,3,0.0,1.0,8.333333333333334,0
58,16.22,15.0,0.0,173.68,10.0,0.001400852141870106,2,0.0,0.9,15.018518518518517,0
59,36.0,24.0,0.0,173.68,10.0,0.004974666052510363,3,0.0,1.0,30.0,0
60,27.0,12.0,0.0,173.68,10.0,0.0018654997696913864,4,0.0,1.15,19.565217391304348,0
61,16.2,11.0,0.0,173.68,10.0,0.0010260248733302624,2,0.0,0.9,14.999999999999998,0
64,84.0,2.0,0.0,173.68,10.0,0.0009672961768770153,3,0.0,1.0,70.0,0
65,18.0,22.0,0.0,173.68,10.0,0.0022800552740672502,3,0.0,1.0,15.0,0
66,66.0,11.0,0.0,173.67999999999998,10.0,0.0041801013357899595,2,0.0,0.9,61.11111111111111,0
67,102.0,10.0,0.0,173.68,10.0,0.005872869645324736,2,0.0,0.9,94.44444444444444,0
68,43.2,17.0,1.0,173.68,10.0,0.0042284661446338094,4,0.000588235294117647,1.15,31.30434782608696,1
69,27.0,3.0,0.0,173.68,10.0,0.0004663749424228466,4,0.0,1.15,19.565217391304348,0
70,96.5,7.0,0.0,173.7,10.0,0.0038888888888888888,3,0.0,1.0,80.41666666666667,0
71,16.22,17.0,0.0,173.68,10.0,0.0015876324274527868,3,0.0,1.0,13.516666666666666,0
72,36.0,5.0,0.0,173.68,10.0,0.001036388760939659,4,0.0,1.15,26.086956521739133,0
73,27.0,18.0,0.0,173.68,10.0,0.00279824965453708,2,0.0,0.9,25.0,0
74,114.0,10.0,0.0,173.68,10.0,0.006563795485951174,3,0.0,1.0,95.0,0
75,16.22,29.0,0.0,10,30.0,0.015679333333333333,3,0.0,1.0,13.516666666666666,0
76,165.34,10.0,1.0,173.68,10.0,0.009519806540764625,4,0.001,1.15,119.81159420289856,1
77,43.199999999999996,4.0,0.0,173.68,10.0,0.0009949332105020727,2,0.0,0.9,39.99999999999999,0
78,18.0,29.0,0.0,173.68,10.0,0.0030055274067250113,2,0.0,0.9,16.666666666666664,0
79,66.0,13.0,0.0,173.67999999999998,10.0,0.004940119760479042,2,0.0,0.9,61.11111111111111,0
80,102.0,15.0,1.0,173.68,10.0,0.008809304467987103,2,0.0006666666666666666,0.9,94.44444444444444,1
81,96.6,3.0,0.0,173.68,10.0,0.001668585905112851,3,0.0,1.0,80.5,0
82,27.0,15.0,0.0,173.68,10.0,0.002331874712114233,3,0.0,1.0,22.5,0
83,96.5,8.0,0.0,173.68,10.0,0.0044449562413634265,2,0.0,0.9,89.35185185185185,0
84,16.22,22.0,0.0,173.68,10.0,0.0020545831414094887,2,0.0,0.9,15.018518518518517,0
85,60.0,18.0,0.0,173.68,10.0,0.006218332565637954,2,0.0,0.9,55.55555555555555,0
86,27.0,17.0,0.0,173.68,10.0,0.002642791340396131,4,0.0,1.15,19.565217391304348,0
90,16.2,5.0,0.0,173.68,10.0,0.0004663749424228466,2,0.0,0.9,14.999999999999998,0
91,18.0,5.0,0.0,173.68,10.0,0.0005181943804698295,2,0.0,0.9,16.666666666666664,0
92,66.0,15.0,0.0,173.67999999999998,10.0,0.005700138185168125,3,0.0,1.0,55.0,0
93,102.0,15.0,0.0,173.7,10.0,0.008808290155440414,2,0.0,0.9,94.44444444444444,0
94,36.0,2.0,0.0,173.68,10.0,0.00041455550437586366,3,0.0,1.0,30.0,0
95,32.4,3.0,0.0,173.68,10.0,0.0005596499309074159,3,0.0,1.0,27.0,0
96,96.5,6.0,0.0,173.68,10.0,0.0033337171810225697,2,0.0,0.9,89.35185185185185,0
97,54.0,1.0,0.0,173.7,10.0,0.000310880829015544,2,0.0,0.9,50.0,0
98,60.0,29.0,0.0,173.68,10.0,0.01001842468908337,2,0.0,0.9,55.55555555555555,0
99,84.0,2.0,0.0,173.68,10.0,0.0009672961768770153,3,0.0,1.0,70.0,0
100,114.0,12.0,0.0,173.68,10.0,0.00787655458314141,4,0.0,1.15,82.60869565217392,0
103,16.2,12.0,0.0,173.68,10.0,0.0011192998618148318,2,0.0,0.9,14.999999999999998,0
104,16.2,7.0,0.0,173.68,10.0,0.0006529249193919852,3,0.0,1.0,13.5,0
105,66.0,15.0,0.0,173.7,10.0,0.005699481865284974,2,0.0,0.9,61.11111111111111,0
106,96.6,10.0,0.0,173.68,10.0,0.0055619530170428364,3,0.0,1.0,80.5,0
107,27.0,4.0,0.0,173.68,10.0,0.0006218332565637955,2,0.0,0.9,25.0,0
108,96.5,6.0,0.0,173.68,10.0,0.0033337171810225697,4,0.0,1.15,69.92753623188406,0
109,54.0,6.0,0.0,173.7,10.0,0.0018652849740932642,3,0.0,1.0,45.0,0
110,60.0,5.0,0.0,173.68,10.0,0.0017273146015660983,3,0.0,1.0,50.0,0
111,84.0,5.0,0.0,173.68,10.0,0.002418240442192538,3,0.0,1.0,70.0,0
112,114.0,9.0,0.0,173.7,10.0,0.005906735751295338,2,0.0,0.9,105.55555555555554,0
113,0.0,2.0,0.0,10,10.0,0.0,2,0.0,0.9,0.0,0
114,124.2,13.0,0.0,173.7,10.0,0.009295336787564768,2,0.0,0.9,115.0,0
115,54.0,10.0,0.0,173.68,10.0,0.0031091662828189775,3,0.0,1.0,45.0,0
116,96.6,8.0,1.0,173.68,10.0,0.004449562413634269,3,0.00125,1.0,80.5,1
117,36.0,9.0,1.0,173.68,10.0,0.0018654997696913864,4,0.0011111111111111111,1.15,26.086956521739133,1
118,96.5,7.0,0.0,173.7,10.0,0.0038888888888888888,3,0.0,1.0,80.41666666666667,0
119,54.0,10.0,0.0,173.68,10.0,0.0031091662828189775,2,0.0,0.9,50.0,0
120,60.0,2.0,0.0,173.68,10.0,0.0006909258406264394,2,0.0,0.9,55.55555555555555,0
121,96.5,5.0,0.0,173.68,10.0,0.0027780976508521415,2,0.0,0.9,89.35185185185185,0
122,60.0,2.0,0.0,173.68,10.0,0.0006909258406264394,2,0.0,0.9,55.55555555555555,0
123,60.0,6.0,0.0,173.7,10.0,0.0020725388601036273,2,0.0,0.9,55.55555555555555,0
124,66.0,9.0,0.0,173.67999999999998,10.0,0.003420082911100876,3,0.0,1.0,55.0,0
127,15.0,15.0,2.0,173.68,10.0,0.0012954859511745736,2,0.0013333333333333333,0.9,13.888888888888888,1
128,15.0,10.0,0.0,173.68,10.0,0.0008636573007830492,2,0.0,0.9,13.888888888888888,0
129,15.0,25.0,0.0,173.68,10.0,0.0021591432519576233,2,0.0,0.9,13.888888888888888,0
130,114.0,19.0,0.0,173.68,10.0,0.012471211423307229,4,0.0,1.15,82.60869565217392,0
131,15.0,25.0,0.0,173.68,10.0,0.0021591432519576233,3,0.0,1.0,12.5,0
132,24.0,21.0,0.0,173.68,10.0,0.002901888530631046,3,0.0,1.0,20.0,0
133,15.0,29.0,0.0,173.68,10.0,0.0025046061722708425,3,0.0,1.0,12.5,0
134,32.4,29.0,0.0,173.7,10.0,0.005409326424870467,2,0.0,0.9,29.999999999999996,0
135,15.0,29.0,1.0,173.68,10.0,0.0025046061722708425,2,0.0003448275862068965,0.9,13.888888888888888,1
136,54.0,17.0,0.0,173.7,10.0,0.005284974093264248,4,0.0,1.15,39.130434782608695,0
137,15.0,5.0,1.0,173.68,10.0,0.0004318286503915246,4,0.002,1.15,10.869565217391305,1
138,84.0,10.0,0.0,162.82500000000002,20.0,0.0025794564716720403,2,0.0,0.9,77.77777777777777,0
140,32.4,21.0,0.0,173.68,10.0,0.003917549516351911,3,0.0,1.0,27.0,0
142,54.0,15.0,0.0,173.68,10.0,0.004663749424228466,3,0.0,1.0,45.0,0
143,70.2,15.0,0.0,173.7,10.0,0.006062176165803109,3,0.0,1.0,58.50000000000001,0
145,24.0,9.0,0.0,173.7,10.0,0.001243523316062176,2,0.0,0.9,22.22222222222222,0
146,54.0,19.0,0.0,173.7,10.0,0.0059067357512953365,3,0.0,1.0,45.0,0
147,70.2,19.0,1.0,173.7,10.0,0.007678756476683939,3,0.0005263157894736842,1.0,58.50000000000001,1
149,70.2,17.0,0.0,173.7,10.0,0.0068704663212435235,2,0.0,0.9,65.0,0
151,114.0,2.0,0.0,173.7,10.0,0.001312607944732297,2,0.0,0.9,105.55555555555554,0
152,84.0,2.0,0.0,173.7,10.0,0.0009671848013816926,2,0.0,0.9,77.77777777777777,0
153,54.0,15.0,0.0,173.7,10.0,0.00466321243523316,2,0.0,0.9,50.0,0
154,70.2,12.0,2.0,173.7,10.0,0.0048497409326424875,4,0.0016666666666666666,1.15,50.86956521739131,1
156,70.2,15.0,0.0,173.7,10.0,0.006062176165803109,4,0.0,1.15,50.86956521739131,0
158,43.199999999999996,3.0,0.0,173.68,10.0,0.0007461999078765543,2,0.0,0.9,39.99999999999999,0
159,42.0,3.0,0.0,173.68,10.0,0.0007254721326577614,2,0.0,0.9,38.888888888888886,0
160,108.0,3.0,0.0,173.68,10.0,0.0018654997696913864,2,0.0,0.9,100.0,0
161,42.0,3.0,0.0,173.68,10.0,0.0007254721326577614,2,0.0,0.9,38.888888888888886,0
163,43.199999999999996,11.0,0.0,173.68,10.0,0.0027360663288806997,3,0.0,1.0,36.0,0
164,42.0,11.0,0.0,173.68,10.0,0.0026600644864117917,3,0.0,1.0,35.0,0
165,108.0,11.0,0.0,173.68,10.0,0.006840165822201752,3,0.0,1.0,90.0,0
166,42.0,11.0,0.0,173.68,10.0,0.0026600644864117917,2,0.0,0.9,38.888888888888886,0
168,43.199999999999996,13.0,0.0,173.68,10.0,0.003233532934131736,2,0.0,0.9,39.99999999999999,0
169,42.0,13.0,0.0,173.68,10.0,0.003143712574850299,2,0.0,0.9,38.888888888888886,0
170,108.0,13.0,0.0,173.68,10.0,0.008083832335329342,2,0.0,0.9,100.0,0
171,42.0,13.0,1.0,173.68,10.0,0.003143712574850299,3,0.0007692307692307692,1.0,35.0,1
173,43.199999999999996,11.0,0.0,173.68,10.0,0.0027360663288806997,3,0.0,1.0,36.0,0
174,42.0,11.0,0.0,173.68,10.0,0.0026600644864117917,3,0.0,1.0,35.0,0
175,108.0,11.0,0.0,173.68,10.0,0.006840165822201752,2,0.0,0.9,100.0,0
176,42.0,11.0,0.0,173.68,10.0,0.0026600644864117917,2,0.0,0.9,38.888888888888886,0
178,42.0,4.0,1.0,173.68,10.0,0.0009672961768770153,4,0.0025,1.15,30.434782608695656,1
179,108.0,4.0,0.0,173.68,10.0,0.002487333026255182,4,0.0,1.15,78.26086956521739,0
180,42.0,4.0,0.0,173.68,10.0,0.0009672961768770153,3,0.0,1.0,35.0,0
181,16.2,3.0,0.0,173.68,10.0,0.00027982496545370794,3,0.0,1.0,13.5,0
182,60.0,3.0,0.0,173.68,10.0,0.001036388760939659,3,0.0,1.0,50.0,0
183,16.2,3.0,0.0,173.68,10.0,0.00027982496545370794,3,0.0,1.0,13.5,0
184,78.0,3.0,0.0,173.68,10.0,0.0013473053892215567,2,0.0,0.9,72.22222222222221,0
185,72.0,13.0,0.0,173.68,10.0,0.005389221556886228,2,0.0,0.9,66.66666666666666,0
186,69.6,13.0,0.0,173.68,10.0,0.0052095808383233536,2,0.0,0.9,64.44444444444443,0
188,60.0,5.0,0.0,173.68,10.0,0.0017273146015660983,3,0.0,1.0,50.0,0
189,16.2,5.0,0.0,173.68,10.0,0.0004663749424228466,4,0.0,1.15,11.73913043478261,0
190,78.0,5.0,0.0,173.68,10.0,0.002245508982035928,3,0.0,1.0,65.0,0
191,72.0,28.0,0.0,173.68,10.0,0.011607554122524183,3,0.0,1.0,60.0,0
192,69.6,28.0,0.0,173.68,10.0,0.011220635651773374,2,0.0,0.9,64.44444444444443,0
194,60.0,12.0,0.0,173.68,10.0,0.004145555043758636,2,0.0,0.9,55.55555555555555,0
195,16.2,12.0,0.0,173.68,10.0,0.0011192998618148318,2,0.0,0.9,14.999999999999998,0
196,78.0,12.0,0.0,173.68,10.0,0.005389221556886227,3,0.0,1.0,65.0,0
197,84.0,4.0,0.0,173.68,10.0,0.0019345923537540306,3,0.0,1.0,70.0,0
198,54.0,4.0,1.0,173.68,10.0,0.001243666513127591,4,0.0025,1.15,39.130434782608695,1
200,57.6,2.0,0.0,173.68,10.0,0.0006632888070013819,2,0.0,0.9,53.33333333333333,0
201,102.0,2.0,0.0,173.7,10.0,0.0011744386873920555,2,0.0,0.9,94.44444444444444,0
202,72.0,2.0,0.0,173.7,10.0,0.000829015544041451,3,0.0,1.0,60.0,0
204,57.6,2.0,1.0,173.68,10.0,0.0006632888070013819,2,0.005,0.9,53.33333333333333,1
205,102.0,19.0,1.0,173.68,10.0,0.011158452326116997,2,0.0005263157894736842,0.9,94.44444444444444,1
206,72.0,19.0,0.0,173.7,10.0,0.007875647668393783,3,0.0,1.0,60.0,0
208,84.0,4.0,0.0,173.7,10.0,0.0019343696027633852,3,0.0,1.0,70.0,0
210,18.0,11.0,0.0,173.68,10.0,0.0011400276370336251,2,0.0,0.9,16.666666666666664,0
211,84.0,3.0,0.0,173.68,10.0,0.0014509442653155228,3,0.0,1.0,70.0,0
213,18.0,7.0,0.0,173.68,10.0,0.0007254721326577614,2,0.0,0.9,16.666666666666664,0
214,69.6,1.0,0.0,173.68,10.0,0.0004007369875633349,2,0.0,0.9,64.44444444444443,0
216,18.0,14.0,0.0,173.68,10.0,0.0014509442653155228,2,0.0,0.9,16.666666666666664,0
217,60.0,10.0,0.0,173.68,10.0,0.0034546292031321967,3,0.0,1.0,50.0,0
218,16.2,5.0,0.0,173.68,10.0,0.0004663749424228466,3,0.0,1.0,13.5,0
219,57.599999999999994,10.0,0.0,173.68,10.0,0.0033164440350069084,3,0.0,1.0,48.0,0
221,60.0,9.0,0.0,173.68,10.0,0.003109166282818977,2,0.0,0.9,55.55555555555555,0
222,57.599999999999994,9.0,0.0,173.68,10.0,0.0029847996315062173,3,0.0,1.0,48.0,0
223,16.2,4.5,2.0,173.68,10.0,0.00041973744818056194,4,0.0044444444444444444,1.15,11.73913043478261,1
226,60.0,6.0,0.0,173.68,10.0,0.002072777521879318,2,0.0,0.9,55.55555555555555,0
227,57.599999999999994,6.0,0.0,173.68,10.0,0.001989866421004145,2,0.0,0.9,53.33333333333332,0
228,16.2,3.0,0.0,173.68,10.0,0.00027982496545370794,2,0.0,0.9,14.999999999999998,0
230,18.0,9.0,0.0,173.68,10.0,0.0009327498848456932,2,0.0,0.9,16.666666666666664,0
231,60.0,15.0,0.0,173.68,10.0,0.005181943804698295,2,0.0,0.9,55.55555555555555,0
232,57.599999999999994,15.0,0.0,173.68,10.0,0.004974666052510362,3,0.0,1.0,48.0,0
233,16.2,7.5,0.0,173.68,10.0,0.0006995624136342699,3,0.0,1.0,13.5,0
235,60.0,14.0,2.0,173.68,10.0,0.004836480884385075,3,0.0014285714285714286,1.0,50.0,1
236,57.599999999999994,14.0,0.0,173.68,10.0,0.004643021649009671,3,0.0,1.0,48.0,0
238,16.2,4.0,0.0,173.7,10.0,0.0003730569948186529,2,0.0,0.9,14.999999999999998,0
239,66.0,1.0,0.0,173.7,10.0,0.00037996545768566504,2,0.0,0.9,61.11111111111111,0
240,62.4,1.0,0.0,173.7,10.0,0.0003592400690846287,2,0.0,0.9,57.77777777777777,0
241,36.0,1.0,0.0,173.7,10.0,0.00020725388601036275,2,0.0,0.9,33.33333333333333,0
243,62.0,9.0,0.0,173.67999999999998,10.0,0.003212805158912944,3,0.0,1.0,51.66666666666667,0
246,62.0,10.0,0.0,173.67999999999998,10.0,0.003569783509903271,2,0.0,0.9,57.407407407407405,0
247,36.0,10.0,0.0,173.7,10.0,0.0020725388601036273,2,0.0,0.9,33.33333333333333,0
249,62.0,11.0,1.0,173.67999999999998,10.0,0.0039267618608935986,4,0.0009090909090909091,1.15,44.92753623188406,1
250,36.0,11.0,0.0,173.67999999999998,10.0,0.0022800552740672507,3,0.0,1.0,30.0,0
253,62.0,13.0,1.0,173.67999999999998,10.0,0.004640718562874253,4,0.0007692307692307692,1.15,44.92753623188406,1
254,36.0,13.0,0.0,173.67999999999998,10.0,0.002694610778443114,3,0.0,1.0,30.0,0
257,62.0,15.0,0.0,173.67999999999998,10.0,0.005354675264854907,2,0.0,0.9,57.407407407407405,0
258,36.0,15.0,0.0,173.67999999999998,10.0,0.0031091662828189775,2,0.0,0.9,33.33333333333333,0
261,102.0,3.0,1.0,173.68,10.0,0.0017618608935974205,2,0.003333333333333333,0.9,94.44444444444444,1
262,72.0,5.0,0.0,173.7,10.0,0.0020725388601036273,2,0.0,0.9,66.66666666666666,0
263,69.6,5.0,0.0,173.7,10.0,0.002003454231433506,2,0.0,0.9,64.44444444444443,0
265,102.0,8.0,0.0,173.68,10.0,0.004698295716259788,3,0.0,1.0,85.0,0
266,72.0,13.0,0.0,173.7,10.0,0.00538860103626943,4,0.0,1.15,52.173913043478265,0
269,102.0,10.0,0.0,173.7,10.0,0.0058721934369602765,3,0.0,1.0,85.0,0
270,72.0,10.0,0.0,173.7,10.0,0.0041450777202072546,3,0.0,1.0,60.0,0
271,69.6,10.0,0.0,173.68,10.0,0.004007369875633348,2,0.0,0.9,64.44444444444443,0
273,72.0,10.0,0.0,173.7,10.0,0.0041450777202072546,2,0.0,0.9,66.66666666666666,0
274,69.0,10.0,0.0,173.68,10.0,0.003972823583602026,4,0.0,1.15,50.00000000000001,0
276,72.0,10.0,0.0,173.68,10.0,0.004145555043758636,2,0.0,0.9,66.66666666666666,0
277,69.6,10.0,0.0,173.7,10.0,0.004006908462867012,3,0.0,1.0,58.0,0
280,62.4,15.0,0.0,173.7,10.0,0.00538860103626943,2,0.0,0.9,57.77777777777777,0
281,36.0,10.0,0.0,173.7,10.0,0.0020725388601036273,3,0.0,1.0,30.0,0
282,54.0,4.0,0.0,173.7,10.0,0.001243523316062176,3,0.0,1.0,45.0,0
284,43.2,3.0,0.0,173.68,10.0,0.0007461999078765547,2,0.0,0.9,40.0,0
285,42.0,3.0,0.0,173.68,10.0,0.0007254721326577614,3,0.0,1.0,35.0,0
286,108.0,3.0,0.0,173.68,10.0,0.0018654997696913864,3,0.0,1.0,90.0,0
287,42.0,3.0,0.0,173.68,10.0,0.0007254721326577614,3,0.0,1.0,35.0,0
289,42.0,11.0,0.0,173.68,10.0,0.0026600644864117917,2,0.0,0.9,38.888888888888886,0
290,108.0,11.0,1.0,173.68,10.0,0.006840165822201752,2,0.0009090909090909091,0.9,100.0,1
291,42.0,11.0,0.0,173.68,10.0,0.0026600644864117917,2,0.0,0.9,38.888888888888886,0
293,42.0,13.0,0.0,173.68,10.0,0.003143712574850299,3,0.0,1.0,35.0,0
294,108.0,13.0,1.0,173.68,10.0,0.008083832335329342,3,0.0007692307692307692,1.0,90.0,1
295,42.0,13.0,1.0,173.68,10.0,0.003143712574850299,4,0.0007692307692307692,1.15,30.434782608695656,1
297,42.0,17.0,0.0,173.68,10.0,0.004111008751727315,3,0.0,1.0,35.0,0
298,108.0,17.0,0.0,173.68,10.0,0.010571165361584523,3,0.0,1.0,90.0,0
299,42.0,17.0,1.0,173.68,10.0,0.004111008751727315,3,0.000588235294117647,1.0,35.0,1
302,43.2,2.0,0.0,173.68,10.0,0.0004974666052510365,2,0.0,0.9,40.0,0
303,42.0,2.0,0.0,173.68,10.0,0.00048364808843850764,3,0.0,1.0,35.0,0
304,108.0,2.0,0.0,173.68,10.0,0.001243666513127591,3,0.0,1.0,90.0,0
305,42.0,2.0,0.0,173.68,10.0,0.00048364808843850764,3,0.0,1.0,35.0,0
306,96.6,5.0,0.0,173.68,10.0,0.0027809765085214182,2,0.0,0.9,89.44444444444443,0
307,24.0,15.0,0.0,173.68,10.0,0.002072777521879318,2,0.0,0.9,22.22222222222222,0
311,21.6,23.0,1.0,173.68,10.0,0.002860432980193459,3,0.00043478260869565214,1.0,18.000000000000004,1
314,21.6,7.0,0.0,173.68,10.0,0.0008705665591893137,2,0.0,0.9,20.0,0
315,27.0,7.0,0.0,173.68,10.0,0.001088208198986642,2,0.0,0.9,25.0,0
316,64.8,7.0,0.0,173.68,10.0,0.002611699677567941,3,0.0,1.0,54.0,0
317,59.4,7.0,0.0,173.68,10.0,0.0023940580377706123,4,0.0,1.15,43.04347826086957,0
318,37.8,7.0,0.0,173.68,10.0,0.0015234914785812986,2,0.0,0.9,34.99999999999999,0
320,21.6,16.0,1.0,173.68,10.0,0.001989866421004146,2,0.000625,0.9,20.0,1
321,27.0,2.0,0.0,173.68,10.0,0.00031091662828189776,2,0.0,0.9,25.0,0
322,64.8,2.0,0.0,173.68,10.0,0.0007461999078765545,3,0.0,1.0,54.0,0
323,59.4,2.0,0.0,173.68,10.0,0.000684016582220175,4,0.0,1.15,43.04347826086957,0
324,37.8,2.0,0.0,173.68,10.0,0.0004352832795946568,3,0.0,1.0,31.5,0
326,21.6,3.0,0.0,173.68,10.0,0.00037309995393827733,3,0.0,1.0,18.000000000000004,0
327,27.0,10.0,0.0,173.68,10.0,0.0015545831414094887,4,0.0,1.15,19.565217391304348,0
328,64.8,14.0,0.0,173.68,10.0,0.005223399355135882,3,0.0,1.0,54.0,0
329,59.4,14.0,0.0,173.68,10.0,0.0047881160755412246,2,0.0,0.9,54.99999999999999,0
330,37.8,14.0,0.0,173.68,10.0,0.003046982957162597,2,0.0,0.9,34.99999999999999,0
332,64.8,15.0,0.0,173.68,10.0,0.005596499309074159,2,0.0,0.9,59.99999999999999,0
333,59.4,15.0,0.0,173.68,10.0,0.005130124366651313,3,0.0,1.0,49.5,0
334,37.8,15.0,0.0,173.68,10.0,0.0032646245969599258,2,0.0,0.9,34.99999999999999,0
336,24.0,3.0,0.0,173.68,10.0,0.00041455550437586366,4,0.0,1.15,17.39130434782609,0
337,84.0,2.0,0.0,173.68,10.0,0.0009672961768770153,2,0.0,0.9,77.77777777777777,0
338,96.6,3.0,0.0,173.68,10.0,0.001668585905112851,2,0.0,0.9,89.44444444444443,0
339,66.0,11.0,0.0,173.68,10.0,0.004180101335789959,4,0.0,1.15,47.82608695652174,0
341,21.6,4.0,0.0,173.68,10.0,0.0004974666052510365,4,0.0,1.15,15.65217391304348,0
342,27.0,4.0,0.0,173.68,10.0,0.0006218332565637955,4,0.0,1.15,19.565217391304348,0
343,64.8,4.0,0.0,173.68,10.0,0.001492399815753109,4,0.0,1.15,46.95652173913044,0
344,59.4,4.0,0.0,173.68,10.0,0.00136803316444035,2,0.0,0.9,54.99999999999999,0
345,66.0,15.0,0.0,173.68,10.0,0.005700138185168124,2,0.0,0.9,61.11111111111111,0
346,62.4,2.0,0.0,173.68,10.0,0.000718562874251497,2,0.0,0.9,57.77777777777777,0
347,37.8,4.0,0.0,173.68,10.0,0.0008705665591893136,2,0.0,0.9,34.99999999999999,0
349,84.0,2.0,0.0,173.68,10.0,0.0009672961768770153,2,0.0,0.9,77.77777777777777,0
350,62.4,2.0,0.0,173.68,10.0,0.000718562874251497,3,0.0,1.0,52.0,0
351,70.2,1.0,0.0,173.68,10.0,0.00040419161676646714,3,0.0,1.0,58.50000000000001,0
353,10.0,24.5,0.0,173.68,10.0,0.0014106402579456474,3,0.0,1.0,8.333333333333334,0
354,36.0,5.0,0.0,173.7,10.0,0.0010362694300518136,3,0.0,1.0,30.0,0
355,21.6,1.0,0.0,173.7,10.0,0.00012435233160621763,2,0.0,0.9,20.0,0
357,25.0,2.5,1.0,173.68,10.0,0.00035985720865960386,2,0.004,0.9,23.148148148148145,1
363,84.0,3.0,0.0,173.7,10.0,0.0014507772020725387,3,0.0,1.0,70.0,0
364,114.0,5.0,0.0,173.7,10.0,0.0032815198618307427,3,0.0,1.0,95.0,0
366,84.0,5.0,0.0,173.68,10.0,0.002418240442192538,3,0.0,1.0,70.0,0
367,114.0,5.0,0.0,173.7,10.0,0.0032815198618307427,2,0.0,0.9,105.55555555555554,0
371,10.0,15.0,0.0,173.68,10.0,0.0008636573007830492,2,0.0,0.9,9.25925925925926,0
372,10.0,3.0,0.0,173.68,10.0,0.00017273146015660983,3,0.0,1.0,8.333333333333334,0
374,10.0,10.0,0.0,173.68,10.0,0.0005757715338553662,3,0.0,1.0,8.333333333333334,0
375,10.0,23.0,0.0,173.68,10.0,0.0013242745278673421,3,0.0,1.0,8.333333333333334,0
376,25.0,23.0,0.0,173.68,10.0,0.003310686319668355,3,0.0,1.0,20.833333333333336,0
378,10.0,25.0,1.0,173.68,10.0,0.0014394288346384154,3,0.0004,1.0,8.333333333333334,1
379,10.0,2.0,0.0,173.68,10.0,0.00011515430677107324,3,0.0,1.0,8.333333333333334,0
381,10.0,25.0,0.0,173.68,10.0,0.0014394288346384154,2,0.0,0.9,9.25925925925926,0
383,10.0,29.0,0.0,173.68,10.0,0.0016697374481805618,3,0.0,1.0,8.333333333333334,0
384,10.0,5.0,0.0,173.68,10.0,0.0002878857669276831,4,0.0,1.15,7.246376811594203,0
386,10.0,24.0,0.0,173.68,10.0,0.0013818516812528787,3,0.0,1.0,8.333333333333334,0
387,10.0,29.0,0.0,173.68,10.0,0.0016697374481805618,3,0.0,1.0,8.333333333333334,0
389,10.0,4.0,0.0,173.68,10.0,0.00023030861354214648,3,0.0,1.0,8.333333333333334,0
390,10.0,1.0,0.0,173.68,10.0,5.757715338553662e-05,2,0.0,0.9,9.25925925925926,0
391,25.0,1.0,0.0,173.68,10.0,0.00014394288346384156,2,0.0,0.9,23.148148148148145,0
393,60.0,10.0,0.0,173.68,10.0,0.0034546292031321967,4,0.0,1.15,43.47826086956522,0
394,16.2,10.0,0.0,173.7,10.0,0.0009326424870466321,2,0.0,0.9,14.999999999999998,0
395,78.0,10.0,0.0,173.7,10.0,0.004490500863557859,2,0.0,0.9,72.22222222222221,0
396,54.0,9.0,0.0,173.7,10.0,0.002797927461139896,2,0.0,0.9,50.0,0
397,54.0,9.0,0.0,173.7,10.0,0.002797927461139896,2,0.0,0.9,50.0,0
399,60.0,15.0,0.0,173.68,10.0,0.005181943804698295,2,0.0,0.9,55.55555555555555,0
400,16.2,11.0,0.0,173.68,10.0,0.0010260248733302624,2,0.0,0.9,14.999999999999998,0
401,78.0,15.0,0.0,173.68,10.0,0.006736526946107784,2,0.0,0.9,72.22222222222221,0
402,114.0,6.0,0.0,173.68,10.0,0.003938277291570705,2,0.0,0.9,105.55555555555554,0
404,60.0,10.0,0.0,173.68,10.0,0.0034546292031321967,3,0.0,1.0,50.0,0
405,16.2,10.0,0.0,173.68,10.0,0.0009327498848456932,3,0.0,1.0,13.5,0
406,114.0,11.0,0.0,173.68,10.0,0.007220175034546293,3,0.0,1.0,95.0,0
407,48.0,11.0,0.0,173.68,10.0,0.0030400736987563335,3,0.0,1.0,40.0,0
409,60.0,10.0,0.0,173.68,10.0,0.0034546292031321967,2,0.0,0.9,55.55555555555555,0
410,16.2,7.0,0.0,173.68,10.0,0.0006529249193919852,2,0.0,0.9,14.999999999999998,0
411,54.0,1.0,0.0,173.68,10.0,0.00031091662828189776,3,0.0,1.0,45.0,0
412,54.0,1.0,0.0,173.68,10.0,0.00031091662828189776,3,0.0,1.0,45.0,0
413,114.0,11.0,0.0,173.68,10.0,0.007220175034546293,2,0.0,0.9,105.55555555555554,0
414,48.0,10.0,0.0,173.68,10.0,0.0027637033625057578,3,0.0,1.0,40.0,0
416,60.0,6.0,0.0,173.68,10.0,0.002072777521879318,4,0.0,1.15,43.47826086956522,0
417,16.2,4.0,0.0,173.7,10.0,0.0003730569948186529,2,0.0,0.9,14.999999999999998,0
418,54.0,3.0,0.0,173.7,10.0,0.0009326424870466321,2,0.0,0.9,50.0,0
419,54.0,3.0,0.0,173.7,10.0,0.0009326424870466321,2,0.0,0.9,50.0,0
420,114.0,15.0,0.0,173.7,10.0,0.009844559585492229,2,0.0,0.9,105.55555555555554,0
421,48.0,17.0,0.0,173.7,10.0,0.004697754749568221,2,0.0,0.9,44.44444444444444,0
423,54.0,1.0,0.0,173.7,10.0,0.000310880829015544,3,0.0,1.0,45.0,0
424,114.0,13.0,0.0,173.7,10.0,0.008531951640759932,4,0.0,1.15,82.60869565217392,0
425,48.0,5.0,0.0,173.7,10.0,0.001381692573402418,3,0.0,1.0,40.0,0
427,54.0,6.0,0.0,173.7,10.0,0.0018652849740932642,3,0.0,1.0,45.0,0
428,114.0,13.0,0.0,173.7,10.0,0.008531951640759932,3,0.0,1.0,95.0,0
430,43.199999999999996,2.0,0.0,173.68,10.0,0.0004974666052510364,2,0.0,0.9,39.99999999999999,0
431,42.0,2.0,0.0,173.68,10.0,0.00048364808843850764,2,0.0,0.9,38.888888888888886,0
432,108.0,2.0,0.0,173.68,10.0,0.001243666513127591,3,0.0,1.0,90.0,0
433,42.0,2.0,1.0,173.68,10.0,0.00048364808843850764,3,0.005,1.0,35.0,1
436,43.199999999999996,9.0,0.0,173.68,10.0,0.0022385997236296635,3,0.0,1.0,36.0,0
437,42.0,9.0,0.0,173.68,10.0,0.002176416397973284,3,0.0,1.0,35.0,0
438,108.0,9.0,0.0,173.68,10.0,0.00559649930907416,3,0.0,1.0,90.0,0
439,42.0,9.0,0.0,173.68,10.0,0.002176416397973284,3,0.0,1.0,35.0,0
442,43.199999999999996,9.0,0.0,173.68,10.0,0.0022385997236296635,2,0.0,0.9,39.99999999999999,0
443,42.0,9.0,0.0,173.68,10.0,0.002176416397973284,2,0.0,0.9,38.888888888888886,0
444,108.0,9.0,1.0,173.68,10.0,0.00559649930907416,4,0.0011111111111111111,1.15,78.26086956521739,1
445,42.0,9.0,0.0,173.68,10.0,0.002176416397973284,2,0.0,0.9,38.888888888888886,0
448,43.199999999999996,12.0,0.0,173.68,10.0,0.0029847996315062173,3,0.0,1.0,36.0,0
449,42.0,12.0,0.0,173.68,10.0,0.0029018885306310457,3,0.0,1.0,35.0,0
450,108.0,12.0,2.0,173.68,10.0,0.007461999078765546,3,0.0016666666666666666,1.0,90.0,1
451,42.0,12.0,0.0,173.68,10.0,0.0029018885306310457,2,0.0,0.9,38.888888888888886,0
454,16.2,18.0,0.0,173.68,10.0,0.0016789497927222478,2,0.0,0.9,14.999999999999998,0
455,78.0,18.0,0.0,173.68,10.0,0.008083832335329342,3,0.0,1.0,65.0,0
458,16.2,29.0,0.0,173.68,10.0,0.00270497466605251,2,0.0,0.9,14.999999999999998,0
459,78.0,29.0,0.0,173.68,10.0,0.013023952095808382,3,0.0,1.0,65.0,0
462,16.2,5.0,0.0,173.68,10.0,0.0004663749424228466,2,0.0,0.9,14.999999999999998,0
463,78.0,5.0,0.0,173.68,10.0,0.002245508982035928,2,0.0,0.9,72.22222222222221,0
464,54.0,3.0,0.0,173.68,10.0,0.0009327498848456932,3,0.0,1.0,45.0,0
465,54.0,3.0,0.0,173.68,10.0,0.0009327498848456932,3,0.0,1.0,45.0,0
468,54.0,3.0,1.0,173.68,10.0,0.0009327498848456932,4,0.003333333333333333,1.15,39.130434782608695,1
471,21.599999999999998,11.0,0.0,173.68,10.0,0.0013680331644403498,3,0.0,1.0,18.0,0
477,64.8,8.0,0.0,173.68,10.0,0.002984799631506218,4,0.0,1.15,46.95652173913044,0
478,59.4,8.0,0.0,173.68,10.0,0.0027360663288807,4,0.0,1.15,43.04347826086957,0
479,37.8,8.0,0.0,173.68,10.0,0.0017411331183786272,3,0.0,1.0,31.5,0
482,64.8,12.0,0.0,173.68,10.0,0.004477199447259327,3,0.0,1.0,54.0,0
483,59.4,12.0,0.0,173.68,10.0,0.00410409949332105,3,0.0,1.0,49.5,0
484,37.8,12.0,0.0,173.68,10.0,0.002611699677567941,2,0.0,0.9,34.99999999999999,0
486,21.599999999999998,18.0,0.0,173.68,10.0,0.0022385997236296635,2,0.0,0.9,19.999999999999996,0
487,27.0,9.0,0.0,173.68,10.0,0.00139912482726854,2,0.0,0.9,25.0,0
488,64.8,9.0,1.0,173.68,10.0,0.0033578995854444955,2,0.0011111111111111111,0.9,59.99999999999999,1
489,59.4,9.0,0.0,173.68,10.0,0.0030780746199907875,3,0.0,1.0,49.5,0
491,64.8,17.0,0.0,173.68,10.0,0.006342699216950714,3,0.0,1.0,54.0,0
492,59.4,17.0,0.0,173.68,10.0,0.005814140948871488,3,0.0,1.0,49.5,0
493,37.8,17.0,0.0,173.68,10.0,0.003699907876554583,2,0.0,0.9,34.99999999999999,0
497,102.0,16.0,0.0,173.68,10.0,0.009396591432519577,3,0.0,1.0,85.0,0
498,16.2,2.0,0.0,173.68,10.0,0.00018654997696913864,2,0.0,0.9,14.999999999999998,0
499,10.799999999999999,5.0,0.0,173.68,10.0,0.0003109166282818977,2,0.0,0.9,9.999999999999998,0
501,102.0,5.0,0.0,173.68,10.0,0.002936434822662368,3,0.0,1.0,85.0,0
502,16.2,5.0,1.0,173.68,10.0,0.0004663749424228466,4,0.002,1.15,11.73913043478261,1
503,10.799999999999999,5.0,0.0,173.68,10.0,0.0003109166282818977,3,0.0,1.0,9.0,0
504,48.0,10.0,0.0,173.68,10.0,0.0027637033625057578,2,0.0,0.9,44.44444444444444,0
506,60.0,10.0,0.0,173.7,10.0,0.003454231433506045,3,0.0,1.0,50.0,0
507,16.2,10.0,0.0,173.7,10.0,0.0009326424870466321,3,0.0,1.0,13.5,0
508,78.0,10.0,0.0,173.7,10.0,0.004490500863557859,3,0.0,1.0,65.0,0
509,54.0,4.0,1.0,173.7,10.0,0.001243523316062176,2,0.0025,0.9,50.0,1
510,54.0,5.0,0.0,173.68,10.0,0.0015545831414094887,2,0.0,0.9,50.0,0
511,114.0,5.0,0.0,173.68,10.0,0.003281897742975587,2,0.0,0.9,105.55555555555554,0
513,60.0,11.0,0.0,173.68,10.0,0.003800092123445417,2,0.0,0.9,55.55555555555555,0
514,16.2,11.0,0.0,173.68,10.0,0.0010260248733302624,3,0.0,1.0,13.5,0
515,78.0,11.0,0.0,173.7,10.0,0.004939550949913645,4,0.0,1.15,56.52173913043479,0
516,54.0,3.0,0.0,173.7,10.0,0.0009326424870466321,3,0.0,1.0,45.0,0
517,54.0,3.0,0.0,173.7,10.0,0.0009326424870466321,3,0.0,1.0,45.0,0
518,114.0,9.0,0.0,173.7,10.0,0.005906735751295338,3,0.0,1.0,95.0,0
519,48.0,8.0,1.0,173.7,10.0,0.002210708117443869,4,0.00125,1.15,34.78260869565218,1
521,48.0,12.0,0.0,173.68,10.0,0.0033164440350069093,3,0.0,1.0,40.0,0
523,48.0,14.0,0.0,173.68,10.0,0.0038691847075080603,3,0.0,1.0,40.0,0
525,48.0,13.0,0.0,173.68,10.0,0.003592814371257485,2,0.0,0.9,44.44444444444444,0
527,48.0,8.0,0.0,173.7,10.0,0.002210708117443869,2,0.0,0.9,44.44444444444444,0
529,48.0,10.0,0.0,173.7,10.0,0.002763385146804836,2,0.0,0.9,44.44444444444444,0
531,48.0,9.0,0.0,173.7,10.0,0.002487046632124352,4,0.0,1.15,34.78260869565218,0
532,54.5,3.0,1.0,173.7,10.0,0.0009412780656303972,4,0.003333333333333333,1.15,39.492753623188406,1
535,162.0,26.0,1.0,173.7,30.0,0.008082901554404146,3,0.0003846153846153846,1.0,135.0,1
561,124.2,10.0,1.0,173.7,10.0,0.007150259067357514,4,0.001,1.15,90.00000000000001,1
562,36.0,10.0,0.0,173.7,10.0,0.0020725388601036273,3,0.0,1.0,30.0,0
563,138.0,10.0,2.0,173.7,10.0,0.007944732297063904,3,0.002,1.0,115.0,1
567,84.0,1.0,0.0,173.7,10.0,0.0004835924006908463,3,0.0,1.0,70.0,0
569,36.0,6.0,0.0,173.7,10.0,0.001243523316062176,3,0.0,1.0,30.0,0
570,138.0,6.0,0.0,173.7,10.0,0.004766839378238342,3,0.0,1.0,115.0,0
571,84.0,2.0,0.0,173.7,10.0,0.0009671848013816926,4,0.0,1.15,60.86956521739131,0
572,97.77,16.0,7.0,173.7,20.0,0.00450293609671848,4,0.004375,1.15,70.84782608695653,1
573,36.0,7.0,1.0,173.7,10.0,0.0014507772020725387,3,0.0014285714285714286,1.0,30.0,1
574,138.0,7.0,0.0,173.7,10.0,0.0055613126079447316,2,0.0,0.9,127.77777777777777,0
575,127.77,35.0,8.0,173.7,40.0,0.006436312607944733,3,0.0022857142857142855,1.0,106.475,1
576,36.0,8.0,1.0,173.7,10.0,0.001658031088082902,2,0.00125,0.9,33.33333333333333,1
577,138.0,8.0,0.0,173.7,10.0,0.006355785837651123,2,0.0,0.9,127.77777777777777,0
578,84.0,2.0,0.0,173.7,10.0,0.0009671848013816926,2,0.0,0.9,77.77777777777777,0
579,54.0,15.0,0.0,173.7,10.0,0.00466321243523316,2,0.0,0.9,50.0,0
580,97.67,15.0,9.0,173.7,20.0,0.0042171848013816925,3,0.006,1.0,81.39166666666667,1
581,36.0,13.0,1.0,173.7,10.0,0.002694300518134715,4,0.0007692307692307692,1.15,26.086956521739133,1
582,138.0,13.0,0.0,173.7,10.0,0.010328151986183073,3,0.0,1.0,115.0,0
583,84.0,2.0,0.0,173.7,10.0,0.0009671848013816926,3,0.0,1.0,70.0,0
584,54.0,10.0,0.0,173.7,10.0,0.0031088082901554403,3,0.0,1.0,45.0,0
585,378.67,20.0,19.0,450.56,20.0,0.008404430042613636,4,0.0095,1.15,274.3985507246377,1
